[
{
  "fields": {
    "username": "demo",
    "first_name": "Demo",
    "last_name": "User",
    "is_active": true,
    "is_superuser": true,
    "is_staff": true,
    "last_login": "2016-05-13T14:01:02Z",
    "groups": [],
    "user_permissions": [],
    "password": "pbkdf2_sha256$20000$gQtbDF74uZ34$hIK82swAQsVIIBWo5lF+kVR6Ih3tHC5VekwQWoulMW8=",
    "email": "demo@example.org",
    "date_joined": "2016-05-13T14:00:57Z"
  },
  "model": "auth.user",
  "pk": 1
},
{
  "fields": {
    "domain": "example.com",
    "name": "example"
  },
  "model": "sites.site",
  "pk": 1
},
{
  "fields": {
    "status": "p",
    "modification_date": "2016-05-14T10:47:52.925Z",
    "author": [
      "demo"
    ],
    "creation_date": "2016-05-14T10:23:52.656Z",
    "parent_site": 1,
    "publication_end_date": null,
    "publication_date": "2016-05-14T10:23:52Z",
    "excerpt_image": "blog/pexels-8169.jpg",
    "enable_comments": true,
    "categories": []
  },
  "model": "blog.post",
  "pk": 1
},
{
  "fields": {
    "meta_description": "",
    "meta_title": "",
    "meta_keywords": "",
    "excerpt_text": "<p>To get started with django-fluent, it's good to know that nothing has been \"set in stone\".&nbsp;There are many models and settings you can override.</p>\r\n<p>For example, the blog engine allows to use custom models that provide an except text/image. The user input can be tailer-made to the needs of the designer and client.</p>",
    "title": "Getting Started",
    "intro": null,
    "master": 1,
    "language_code": "en",
    "slug": "getting-started"
  },
  "model": "blog.posttranslation",
  "pk": 1
},
{
  "fields": {},
  "model": "blogpage.blogpage",
  "pk": 2
},
{
  "fields": {
    "status": "p",
    "rght": 2,
    "level": 0,
    "modification_date": "2016-05-14T10:03:21.587Z",
    "parent": null,
    "author": [
      "demo"
    ],
    "in_sitemaps": true,
    "tree_id": 1,
    "creation_date": "2016-05-13T14:23:29.685Z",
    "lft": 1,
    "publication_end_date": null,
    "key": null,
    "publication_date": null,
    "parent_site": 1,
    "in_navigation": false,
    "polymorphic_ctype": [
      "fluentpage",
      "fluentpage"
    ]
  },
  "model": "fluent_pages.urlnode",
  "pk": 1
},
{
  "fields": {
    "status": "p",
    "rght": 2,
    "level": 0,
    "modification_date": "2016-05-15T13:50:50.844Z",
    "parent": null,
    "author": [
      "demo"
    ],
    "in_sitemaps": true,
    "tree_id": 2,
    "creation_date": "2016-05-14T10:02:58.991Z",
    "lft": 1,
    "publication_end_date": null,
    "key": null,
    "publication_date": null,
    "parent_site": 1,
    "in_navigation": true,
    "polymorphic_ctype": [
      "blogpage",
      "blogpage"
    ]
  },
  "model": "fluent_pages.urlnode",
  "pk": 2
},
{
  "fields": {
    "status": "p",
    "rght": 2,
    "level": 0,
    "modification_date": "2016-05-14T12:17:59.552Z",
    "parent": null,
    "author": [
      "demo"
    ],
    "in_sitemaps": true,
    "tree_id": 3,
    "creation_date": "2016-05-14T10:42:03.943Z",
    "lft": 1,
    "publication_end_date": null,
    "key": null,
    "publication_date": null,
    "parent_site": 1,
    "in_navigation": true,
    "polymorphic_ctype": [
      "fluentpage",
      "fluentpage"
    ]
  },
  "model": "fluent_pages.urlnode",
  "pk": 3
},
{
  "fields": {
    "status": "p",
    "rght": 2,
    "level": 0,
    "modification_date": "2016-05-15T14:17:06.755Z",
    "parent": null,
    "author": [
      "demo"
    ],
    "in_sitemaps": true,
    "tree_id": 4,
    "creation_date": "2016-05-15T14:01:45.935Z",
    "lft": 1,
    "publication_end_date": null,
    "key": null,
    "publication_date": null,
    "parent_site": 1,
    "in_navigation": true,
    "polymorphic_ctype": [
      "fluentpage",
      "fluentpage"
    ]
  },
  "model": "fluent_pages.urlnode",
  "pk": 6
},
{
  "fields": {
    "title": "Homepage",
    "override_url": "/",
    "master": 1,
    "language_code": "en",
    "_cached_url": "/",
    "slug": "homepage"
  },
  "model": "fluent_pages.urlnode_translation",
  "pk": 1
},
{
  "fields": {
    "title": "Blog",
    "override_url": "",
    "master": 2,
    "language_code": "en",
    "_cached_url": "/blog/",
    "slug": "blog"
  },
  "model": "fluent_pages.urlnode_translation",
  "pk": 2
},
{
  "fields": {
    "title": "Contact",
    "override_url": "",
    "master": 3,
    "language_code": "en",
    "_cached_url": "/contact/",
    "slug": "contact"
  },
  "model": "fluent_pages.urlnode_translation",
  "pk": 3
},
{
  "fields": {
    "title": "Plugin Demo",
    "override_url": "",
    "master": 6,
    "language_code": "en",
    "_cached_url": "/plugins/",
    "slug": "plugins"
  },
  "model": "fluent_pages.urlnode_translation",
  "pk": 6
},
{
  "fields": {
    "meta_description": "",
    "meta_title": "",
    "meta_keywords": "",
    "master": 1,
    "language_code": "en"
  },
  "model": "fluent_pages.htmlpagetranslation",
  "pk": 1
},
{
  "fields": {
    "meta_description": "",
    "meta_title": "",
    "meta_keywords": "",
    "master": 2,
    "language_code": "en"
  },
  "model": "fluent_pages.htmlpagetranslation",
  "pk": 2
},
{
  "fields": {
    "meta_description": "",
    "meta_title": "",
    "meta_keywords": "",
    "master": 3,
    "language_code": "en"
  },
  "model": "fluent_pages.htmlpagetranslation",
  "pk": 3
},
{
  "fields": {
    "meta_description": "",
    "meta_title": "",
    "meta_keywords": "",
    "master": 6,
    "language_code": "en"
  },
  "model": "fluent_pages.htmlpagetranslation",
  "pk": 5
},
{
  "fields": {
    "template_path": "pages/default_no_title.html",
    "key": "default",
    "title": "Default (add title in text)"
  },
  "model": "fluent_pages.pagelayout",
  "pk": 1
},
{
  "fields": {
    "template_path": "pages/default_all.html",
    "key": "all-plugins",
    "title": "All plugins"
  },
  "model": "fluent_pages.pagelayout",
  "pk": 2
},
{
  "fields": {
    "template_path": "pages/homepage.html",
    "key": "homepage",
    "title": "Homepage"
  },
  "model": "fluent_pages.pagelayout",
  "pk": 3
},
{
  "fields": {
    "template_path": "pages/col_8_4.html",
    "key": "default-sidebar",
    "title": "Default with sidebar"
  },
  "model": "fluent_pages.pagelayout",
  "pk": 4
},
{
  "fields": {
    "layout": 3
  },
  "model": "fluentpage.fluentpage",
  "pk": 1
},
{
  "fields": {
    "layout": 4
  },
  "model": "fluentpage.fluentpage",
  "pk": 3
},
{
  "fields": {
    "layout": 2
  },
  "model": "fluentpage.fluentpage",
  "pk": 6
},
{
  "fields": {
    "slot": "homepage",
    "parent_type": [
      "fluentpage",
      "fluentpage"
    ],
    "title": "Homepage",
    "role": "m",
    "parent_id": 1
  },
  "model": "fluent_contents.placeholder",
  "pk": 3
},
{
  "fields": {
    "slot": "shared_content",
    "parent_type": [
      "sharedcontent",
      "sharedcontent"
    ],
    "title": "Contents",
    "role": "m",
    "parent_id": 1
  },
  "model": "fluent_contents.placeholder",
  "pk": 4
},
{
  "fields": {
    "slot": "blog_contents",
    "parent_type": [
      "blog",
      "post"
    ],
    "title": "Contents",
    "role": "m",
    "parent_id": 1
  },
  "model": "fluent_contents.placeholder",
  "pk": 6
},
{
  "fields": {
    "slot": "blog_intro",
    "parent_type": [
      "blogpage",
      "blogpage"
    ],
    "title": "Blog Intro",
    "role": "m",
    "parent_id": 2
  },
  "model": "fluent_contents.placeholder",
  "pk": 7
},
{
  "fields": {
    "slot": "main",
    "parent_type": [
      "fluentpage",
      "fluentpage"
    ],
    "title": "Main",
    "role": "m",
    "parent_id": 3
  },
  "model": "fluent_contents.placeholder",
  "pk": 8
},
{
  "fields": {
    "slot": "sidebar",
    "parent_type": [
      "fluentpage",
      "fluentpage"
    ],
    "title": "Sidebar",
    "role": "s",
    "parent_id": 3
  },
  "model": "fluent_contents.placeholder",
  "pk": 9
},
{
  "fields": {
    "slot": "blog_sidebar",
    "parent_type": [
      "blogpage",
      "blogpage"
    ],
    "title": "Blog Sidebar",
    "role": "s",
    "parent_id": 2
  },
  "model": "fluent_contents.placeholder",
  "pk": 10
},
{
  "fields": {
    "slot": "all",
    "parent_type": [
      "fluentpage",
      "fluentpage"
    ],
    "title": "Main (All)",
    "role": "m",
    "parent_id": 6
  },
  "model": "fluent_contents.placeholder",
  "pk": 11
},
{
  "fields": {
    "parent_type": [
      "fluentpage",
      "fluentpage"
    ],
    "parent_id": 1,
    "sort_order": 0,
    "language_code": "en",
    "placeholder": 3,
    "polymorphic_ctype": [
      "fluentcms_jumbotron",
      "jumbotronitem"
    ]
  },
  "model": "fluent_contents.contentitem",
  "pk": 7
},
{
  "fields": {
    "parent_type": [
      "fluentpage",
      "fluentpage"
    ],
    "parent_id": 1,
    "sort_order": 2,
    "language_code": "en",
    "placeholder": 3,
    "polymorphic_ctype": [
      "fluentcms_teaser",
      "teaseritem"
    ]
  },
  "model": "fluent_contents.contentitem",
  "pk": 8
},
{
  "fields": {
    "parent_type": [
      "fluentpage",
      "fluentpage"
    ],
    "parent_id": 1,
    "sort_order": 3,
    "language_code": "en",
    "placeholder": 3,
    "polymorphic_ctype": [
      "fluentcms_teaser",
      "teaseritem"
    ]
  },
  "model": "fluent_contents.contentitem",
  "pk": 9
},
{
  "fields": {
    "parent_type": [
      "fluentpage",
      "fluentpage"
    ],
    "parent_id": 1,
    "sort_order": 4,
    "language_code": "en",
    "placeholder": 3,
    "polymorphic_ctype": [
      "fluentcms_teaser",
      "teaseritem"
    ]
  },
  "model": "fluent_contents.contentitem",
  "pk": 10
},
{
  "fields": {
    "parent_type": [
      "fluentpage",
      "fluentpage"
    ],
    "parent_id": 1,
    "sort_order": 1,
    "language_code": "en",
    "placeholder": 3,
    "polymorphic_ctype": [
      "text",
      "textitem"
    ]
  },
  "model": "fluent_contents.contentitem",
  "pk": 11
},
{
  "fields": {
    "parent_type": [
      "sharedcontent",
      "sharedcontent"
    ],
    "parent_id": 1,
    "sort_order": 0,
    "language_code": "en",
    "placeholder": 4,
    "polymorphic_ctype": [
      "text",
      "textitem"
    ]
  },
  "model": "fluent_contents.contentitem",
  "pk": 12
},
{
  "fields": {
    "parent_type": [
      "blog",
      "post"
    ],
    "parent_id": 1,
    "sort_order": 0,
    "language_code": "en",
    "placeholder": 6,
    "polymorphic_ctype": [
      "text",
      "textitem"
    ]
  },
  "model": "fluent_contents.contentitem",
  "pk": 13
},
{
  "fields": {
    "parent_type": [
      "blogpage",
      "blogpage"
    ],
    "parent_id": 2,
    "sort_order": 0,
    "language_code": "en",
    "placeholder": 7,
    "polymorphic_ctype": [
      "text",
      "textitem"
    ]
  },
  "model": "fluent_contents.contentitem",
  "pk": 14
},
{
  "fields": {
    "parent_type": [
      "fluentpage",
      "fluentpage"
    ],
    "parent_id": 3,
    "sort_order": 1,
    "language_code": "en",
    "placeholder": 8,
    "polymorphic_ctype": [
      "fluentcms_contactform",
      "contactformitem"
    ]
  },
  "model": "fluent_contents.contentitem",
  "pk": 15
},
{
  "fields": {
    "parent_type": [
      "fluentpage",
      "fluentpage"
    ],
    "parent_id": 3,
    "sort_order": 0,
    "language_code": "en",
    "placeholder": 8,
    "polymorphic_ctype": [
      "text",
      "textitem"
    ]
  },
  "model": "fluent_contents.contentitem",
  "pk": 16
},
{
  "fields": {
    "parent_type": [
      "fluentpage",
      "fluentpage"
    ],
    "parent_id": 3,
    "sort_order": 0,
    "language_code": "en",
    "placeholder": 9,
    "polymorphic_ctype": [
      "text",
      "textitem"
    ]
  },
  "model": "fluent_contents.contentitem",
  "pk": 17
},
{
  "fields": {
    "parent_type": [
      "fluentpage",
      "fluentpage"
    ],
    "parent_id": 3,
    "sort_order": 1,
    "language_code": "en",
    "placeholder": 9,
    "polymorphic_ctype": [
      "fluentcms_googlemaps",
      "mapitem"
    ]
  },
  "model": "fluent_contents.contentitem",
  "pk": 18
},
{
  "fields": {
    "parent_type": [
      "blogpage",
      "blogpage"
    ],
    "parent_id": 2,
    "sort_order": 0,
    "language_code": "en",
    "placeholder": 10,
    "polymorphic_ctype": [
      "fluentcms_twitterfeed",
      "twitterrecententriesitem"
    ]
  },
  "model": "fluent_contents.contentitem",
  "pk": 20
},
{
  "fields": {
    "parent_type": [
      "fluentpage",
      "fluentpage"
    ],
    "parent_id": 6,
    "sort_order": 1,
    "language_code": "en",
    "placeholder": 11,
    "polymorphic_ctype": [
      "googledocsviewer",
      "googledocsvieweritem"
    ]
  },
  "model": "fluent_contents.contentitem",
  "pk": 21
},
{
  "fields": {
    "parent_type": [
      "fluentpage",
      "fluentpage"
    ],
    "parent_id": 6,
    "sort_order": 3,
    "language_code": "en",
    "placeholder": 11,
    "polymorphic_ctype": [
      "commentsarea",
      "commentsareaitem"
    ]
  },
  "model": "fluent_contents.contentitem",
  "pk": 22
},
{
  "fields": {
    "parent_type": [
      "fluentpage",
      "fluentpage"
    ],
    "parent_id": 6,
    "sort_order": 0,
    "language_code": "en",
    "placeholder": 11,
    "polymorphic_ctype": [
      "markup",
      "restructuredtextmarkupitem"
    ]
  },
  "model": "fluent_contents.contentitem",
  "pk": 23
},
{
  "fields": {
    "parent_type": [
      "fluentpage",
      "fluentpage"
    ],
    "parent_id": 6,
    "sort_order": 2,
    "language_code": "en",
    "placeholder": 11,
    "polymorphic_ctype": [
      "text",
      "textitem"
    ]
  },
  "model": "fluent_contents.contentitem",
  "pk": 24
},
{
  "fields": {
    "allow_new": true
  },
  "model": "commentsarea.commentsareaitem",
  "pk": 22
},
{
  "fields": {
    "url": "https://media.readthedocs.org/pdf/django-fluent-pages/latest/django-fluent-pages.pdf",
    "width": "100%",
    "height": "600"
  },
  "model": "googledocsviewer.googledocsvieweritem",
  "pk": 21
},
{
  "fields": {
    "text": "test\r\n----\r\n\r\nThere is no reason to feel limited to standard HTML or WYSIWYG content.\r\n\r\nFor example, this content is written in reStructuredText_; the tool developers use to write documentation in.\r\n\r\n.. _reStructuredText: http://www.sphinx-doc.org/en/stable/rest.html\r\n",
    "language": "restructuredtext"
  },
  "model": "markup.restructuredtextmarkupitem",
  "pk": 23
},
{
  "fields": {
    "title": "Footer",
    "master": 1,
    "language_code": "en"
  },
  "model": "sharedcontent.sharedcontenttranslation",
  "pk": 1
},
{
  "fields": {
    "is_cross_site": false,
    "parent_site": 1,
    "slug": "footer"
  },
  "model": "sharedcontent.sharedcontent",
  "pk": 1
},
{
  "fields": {
    "text": "<center>\n<h2>Individual packages become one solution</h2>\n</center>",
    "text_final": null
  },
  "model": "text.textitem",
  "pk": 11
},
{
  "fields": {
    "text": "<p>Copyright \u00a9 &#8230; 2018</p>",
    "text_final": null
  },
  "model": "text.textitem",
  "pk": 12
},
{
  "fields": {
    "text": "<p>To get started with django-fluent, it\u2019s good to know that nothing has been \u201cset in stone\u201d. There are many models and settings you can override.</p>\n<p>For example, the blog engine allows to use custom models that provide an except text/image. The user input can be tailer-made to the needs of the designer and client.</p>\n<p>This is arranged with the following options:</p>\n<ul>\n<li>The <code>FLUENT_BLOGS_ENTRY_MODEL</code> can point to a custom model.</li>\n<li>Your custom blog app can reuse all functionality, and provide a custom admin interface on top!</li>\n</ul>",
    "text_final": null
  },
  "model": "text.textitem",
  "pk": 13
},
{
  "fields": {
    "text": "<h2>Blog</h2>",
    "text_final": null
  },
  "model": "text.textitem",
  "pk": 14
},
{
  "fields": {
    "text": "<h2>Contact</h2>\n<p>Ask questions here:</p>",
    "text_final": null
  },
  "model": "text.textitem",
  "pk": 16
},
{
  "fields": {
    "text": "<h3>Post address</h3>\n<p>Lakeisha Donovan<br>5610 Grand Boulevard<br>Crystal Spring, PA 15536<br>E: <a href=mailto:fluent@example.org>fluent@example.org</a><br>T: (814) 645-1290</p>\n<p><small>(this is an dummy address!)</small></p>",
    "text_final": null
  },
  "model": "text.textitem",
  "pk": 17
},
{
  "fields": {
    "text": "<h3>Post a comment</h3>",
    "text_final": null
  },
  "model": "text.textitem",
  "pk": 24
},
{
  "fields": {
    "email_to": "opensoure@edoburu.nl",
    "success_message": "Thank you for your feeback. We'll get back to you shortly.",
    "form_style": "captcha"
  },
  "model": "fluentcms_contactform.contactformitem",
  "pk": 15
},
{
  "fields": {
    "marker_image": "maps/freepik-flaticon/placeholder-filled-point-32.png",
    "marker_zoom": 7,
    "title": "Shop Locations"
  },
  "model": "fluentcms_googlemaps.markergroup",
  "pk": 1
},
{
  "fields": {
    "image": "",
    "location": "47.1661182,-93.56378469999999",
    "group": 1,
    "description": "<p>Lakeisha Donovan<br>5610 Grand Boulevard<br>Crystal Spring, PA 15536<br>E: <a href=mailto:fluent@example.org>fluent@example.org</a><br>T: (814) 645-1290</p>\n<p><small>(this is an dummy address!)</small></p>",
    "title": "Lakeisha Donovan"
  },
  "model": "fluentcms_googlemaps.marker",
  "pk": 1
},
{
  "fields": {
    "style": "compact",
    "center": "40,-13",
    "title": "Find a Store",
    "map_type_id": "TERRAIN",
    "max_zoom": 12,
    "zoom": 1,
    "min_zoom": 1,
    "groups": [
      1
    ],
    "show_clusters": false
  },
  "model": "fluentcms_googlemaps.mapitem",
  "pk": 18
},
{
  "fields": {
    "content": "<h3>Flexible, powerful content management</h3>\n<p>Adjustable to your needs.</p>",
    "button1_title": "See Documentation",
    "button1_url": "https://django-fluent.org/documentation/getting-started/",
    "title": "Welcome to django-fluent!"
  },
  "model": "fluentcms_jumbotron.jumbotronitem",
  "pk": 7
},
{
  "fields": {
    "description": "<p>The page tree structure allows flexible contents. Each page type offers their own content management, styling and URLs.</p>",
    "title": "django-fluent-pages",
    "url": "http://django-fluent-pages.readthedocs.io/",
    "image": "",
    "url_title": "Browse Documentation",
    "target": "_blank"
  },
  "model": "fluentcms_teaser.teaseritem",
  "pk": 8
},
{
  "fields": {
    "description": "<p>A streaming field for flexible content, all customized to the site design and client needs.</p>",
    "title": "django-fluent-contents",
    "url": "http://django-fluent-contents.readthedocs.io/",
    "image": "",
    "url_title": "Browse Documentation",
    "target": "_blank"
  },
  "model": "fluentcms_teaser.teaseritem",
  "pk": 9
},
{
  "fields": {
    "description": "<p>A blog engine, which can be fully customized to the site design.</p>",
    "title": "django-fluent-blogs",
    "url": "http://github.com/edoburu/django-fluent-blogs/",
    "image": "",
    "url_title": "Browse Documentation",
    "target": ""
  },
  "model": "fluentcms_teaser.teaseritem",
  "pk": 10
},
{
  "fields": {
    "twitter_user": "Edoburu",
    "include_replies": false,
    "title": "",
    "amount": 1,
    "footer_text": "",
    "twitter_user": "Edoburu"
  },
  "model": "fluentcms_twitterfeed.twitterrecententriesitem",
  "pk": 20
},
{
  "fields": {
    "comment": "test",
    "user_url": "",
    "submit_date": "2016-05-14T11:06:50.912Z",
    "ip_address": "127.0.0.1",
    "object_pk": "1",
    "site": 1,
    "is_removed": false,
    "user": [
      "demo"
    ],
    "content_type": [
      "blog",
      "post"
    ],
    "is_public": true,
    "user_name": "Diederik",
    "user_email": "vdboor@edoburu.nl"
  },
  "model": "django_comments.comment",
  "pk": 1
},
{
  "fields": {
    "comment": "test",
    "user_url": "",
    "submit_date": "2016-05-15T14:24:46.013Z",
    "ip_address": "127.0.0.1",
    "object_pk": "6",
    "site": 1,
    "is_removed": false,
    "user": [
      "demo"
    ],
    "content_type": [
      "fluentpage",
      "fluentpage"
    ],
    "is_public": true,
    "user_name": "Diederik",
    "user_email": "vdboor@edoburu.nl"
  },
  "model": "django_comments.comment",
  "pk": 2
}
]
